<?xml version="1.0" encoding="UTF-8"?>
<project-private xmlns="http://www.netbeans.org/ns/project-private/1">
    <editor-bookmarks xmlns="http://www.netbeans.org/ns/editor-bookmarks/2" lastBookmarkId="0"/>
    <open-files xmlns="http://www.netbeans.org/ns/projectui-open-files/2">
        <group>
            <file>file:/D:/Oracle/Java%20Foundations%20course/code%20for%20updates/Code/Section%204/MathDemo/src/com/example/AgeLimit.java</file>
            <file>file:/D:/Oracle/Java%20Foundations%20course/code%20for%20updates/Code/Section%204/MathDemo/src/com/example/AreaOfCircle.java</file>
            <file>file:/D:/Oracle/Java%20Foundations%20course/code%20for%20updates/Code/Section%204/MathDemo/src/com/example/PrintMathResult.java</file>
        </group>
    </open-files>
</project-private>
